University,Country,Tier,Programme,Language,Duration,Credits,Tuition (Non-EU Total),Semester Contribution,Living Cost (Monthly),Application Deadline (Non-EU WS),GRE Required,English Requirement,Application Fee,Key Scholarship,Research Strengths,Key Notes
TUM,Germany,Dream,Informatics / DEA / CSE / Math in DS,English,4 sem,120 ECTS,"€16,000–€24,000 (4 sem)",€97/sem,"€1,300–2,000",1 February – 31 May,"Yes (India/China/etc.) QR164, AW4.0","TOEFL 88 / IELTS 6.5 / PTE 65+",None (uni-assist VPD ~€75),TUM Intl Scholarship €500-1800/sem + Deutschlandstipendium,"AI, ML, CV, Robotics, HPC, Data Science","€4,000-6,000/sem tuition (from WS2024/25). GRE/GATE required for Indian applicants. IIT exempt from separate GATE. APS required."
RWTH Aachen,Germany,Dream,Data Science / SSE / HCIS / Informatik,English (DS/SSE/HCIS),4 sem,120 CP,€0 (no tuition),~€340/sem,"€850–1,200",1 March (WS),"Yes (Data Science non-EU) Q>75th, V>15th, AW≥3.5",English cert required (MOI not accepted),None,Deutschlandstipendium + HiWi positions,"ML, AI, Data Science, HPC, Distributed Systems","Tuition-free. GRE strict for DS. Includes Deutschlandticket. Jülich partnership. Open admission for DS. ETS code 8504."
KIT,Germany,Dream,Computer Science / Computational & Data Science,English,4 sem,120 ECTS,"€6,736 (4 sem incl. fees)",~€184/sem,"€850–1,200","15 June (CS) / 15 July (CDS non-EU)","Yes (CS M.Sc.) V≥151, Q≥164, AW≥4",B2 English,None verified,Deutschlandstipendium + HiWi,"AI, ML, HPC, Robotics, Security, Algorithms","€1,500/sem BW tuition. CS has NC (100 places/yr). CDS open admission. Non-EU CDS deadline 15 July (not 30 Sept)."
ETH Zurich,Switzerland,Dream,Computer Science / Data Science,English,3-4 sem,120 ECTS,"CHF 8,760 (~€9,200)",Included in tuition,"CHF 1,700–2,200",1–30 November 2026 (11:59 AM CET),Not required (optional),C1 (IELTS 7.0 / TOEFL 94),CHF 150,"ESOP (full tuition + CHF 12,000/sem)","AI, ML, CV, Robotics, Systems, Algorithms, Quantum","Very early Nov deadline. Extremely competitive. CHF 2,190/sem from HS2025. ESOP is key scholarship. 2027 dates confirmed."
EPFL,Switzerland,Dream,Computer Science / Data Science / Cybersecurity,English,3-4 sem,120 ECTS,"CHF 8,960 (4 sem, int'l from HS2025)",Included,"CHF 1,700–2,500",15 December (Round 1) / 31 March (Round 2),Optional (welcome but not compulsory),Excellent English required,CHF 150,"Excellence Fellowship CHF 40-60K","AI/ML, CV, Robotics, Cybersecurity, Systems","CHF 2,240/sem for int'l (tripled from HS2025). Round 1 strongly advised for visa. 3 referees. Only 1 programme/year."
TU Delft,Netherlands,Dream,Computer Science / DSAI,English,4 sem,120 EC,"~€48,000–51,000 (2 years)",Included in tuition,"€900–1,600",15 January,Yes (CS/DSAI),"IELTS 7.0 (6.5 each section)",€100,"Van Effen (full) + Holland (€5,000)","AI, ML, Distributed Systems, Cybersecurity, Quantum","Expensive (€22,290/yr 2025-26; €25,633 2026-27). GRE benchmarks Q163+. Min 75% CGPA. MSc fee >> BSc fee."
KTH,Sweden,Target,Computer Science / Machine Learning / Cybersecurity,English,4 sem,120 ECTS,"SEK 360,000 (~€31,000 for 2 years)",Included,"SEK 10,000–13,000",15 January,Not required,IELTS 6.5,SEK 900,"KTH Scholarship (full tuition) + KTH India Scholarship","AI, ML, Cybersecurity, HPC, Distributed Systems","8% CS acceptance, 6% ML acceptance. KTH India Scholarship = full tuition + living. Via UniversityAdmissions.se."
Aalto,Finland,Moderate,Computer Science / Macadamia (ML/DS/AI),English,4 sem,120 ECTS,"€34,000–40,000 (2 years, verify for 2027)",Included,"€900–1,300",~7 December – 5 January,Yes (Macadamia AG2),English cert required,€100,"Excellence Scholarship (tuition waiver only)","AI, ML, HPC, Distributed Systems, Security, Quantum","Very short application window! €17-20K/year. GRE for Macadamia. FCAI + ELLIS. Preferred GPA 8.0/10. Residence permit €9,600/yr."
Paris-Saclay,France,Moderate,M.Sc. Computer Science (AI Track),English,4 sem,120 ECTS,"~€508 (2 years)",Included,"€900–1,300",~January–March,Optional,B2 English,None confirmed,"Intl Master's Scholarship €10,000/year + €900 travel","AI, ML, DL, RL, NLP, Generative AI, Responsible AI","Incredibly cheap (~€254/year). Only 25 students. CNRS/INRIA ecosystem. INCEPTION platform. Full fee exemption."
IP Paris,France,Moderate,AI / Computer Science / Math for AI,English,4 sem,120 ECTS,"~€508 (2 years)",Included,"€900–1,300",~Late autumn – March,Optional,English cert if required,None confirmed,"PhD Track funding + Eiffel Scholarship","AI, ML, Optimization, Mathematics, CS","€254/year. 6 founding schools (Polytechnique + Télécom Paris + ENSTA + ENSAE + ENPC + Télécom SudParis). PhD Track."
Saarland,Germany,Target,Computer Science / Data Science & AI / Math & CS,English,4 sem,120 ECTS,"€0 (no tuition, ~€1,648 fees total)",~€412/sem,"€700–1,000","15 May (main WS) / 15 Nov (early decision)","Yes (non-EHEA, incl. India). No minimum score.","C1: IELTS 7.0 / TOEFL 95 / PTE 76. MOI NOT accepted.",None confirmed,Deutschlandstipendium + HiWi at Max Planck/CISPA,"AI, ML, Cybersecurity (CISPA), NLP, CV, Formal Methods","Best value = world-class research + no tuition + cheapest living. Max Planck + CISPA + DFKI. CGPA ≥75% + top 10%. 2 rec letters mandatory."
Tübingen,Germany,Target,Machine Learning (M.Sc.),English,4 sem,120 ECTS,"~€6,600–6,800 (4 sem)",~€150–200/sem,"€800–1,100",30 April,Not required,English required (verify scores),None confirmed,Deutschlandstipendium + Cyber Valley grants,"ML (world-class), Deep Learning, Causal Inference, RL, CV","€1,500/sem BW tuition. World's top ML location (Cluster of Excellence + Cyber Valley + Max Planck + ELLIS)."
Bonn,Germany,Target,Computer Science (M.Sc.),English (German NOT required),4 sem,120 ECTS,"€0 (no tuition, ~€1,380–1,452 fees)",~€345–363/sem,"€800–1,100","~April–May (new selection procedure, verify annually)",Not required,"C1: IELTS 7.0 / TOEFL 95. MOI NOT accepted (non-EU).",None confirmed,Deutschlandstipendium + HiWi,"Computer Vision, ML, Robotics, Autonomous Systems","Tuition-free (NRW). >99% rejection for Indian applicants. 12 ECTS thesis required. Lamarr Institute. Strong CV research."
TU Darmstadt,Germany,Target,AI & ML (M.Sc.) / Computer Science (M.Sc.),English,4 sem,120 ECTS,"€0 (no tuition, ~€1,160–1,280 fees)",~€290–320/sem,"€850–1,200",1 June – 15 July (WS),Not required,English required (verify scores),None confirmed,Deutschlandstipendium + HiWi,"AI/ML, NLP (UKP Lab), Cybersecurity (CYSEC), Visual Computing","Tuition-free (Hessen). Dedicated AI&ML Master's. UKP Lab world-class NLP. Near Frankfurt. Can start WS or SS."
Eindhoven (TU/e),Netherlands,Target,Data Science & AI / CS & Engineering,English,4 sem,120 ECTS,"~€43,400–44,100 (2 years)",Included,"€900–1,300","1 May (final, verify via roadmap)",Not required,"IELTS 6.5–7.0 (verify programme-specific)",None confirmed,"TU/e Scholarship + Holland + ASML scholarships","Data Science, Process Mining, ML, Distributed Systems","Expensive (€21,700/yr 2026-27; €22,400 2027-28). Process Mining world leader. ASML/Brainport. Studielink + TU/e portal."
Freiburg,Germany,Moderate,Computer Science / Informatik (M.Sc.),English (German NOT required),4 sem,120 ECTS,"~€6,760 (4 sem)",~€190/sem,"€800–1,100",31 May (non-EU),Not required,English required (verify scores),None confirmed,Deutschlandstipendium + BW Scholarship,"Autonomous Systems, Robotics, RL, AutoML, CV","€1,500/sem BW tuition. Strong RL/Robotics/AutoML. Beautiful city. Good safe/moderate option."
